date,content,rating
2026-01-17,감동입니다 또 읽고,10.0
2026-01-17,심오한 작가의 정신세계로 가는 도서,10.0
2026-01-17,"숭고한 희생이 있었기에, 지금의 우리가 존재한다는 것을 확신합니다... 말로 다 표현할 수 없는 고마움과 존경을 올립니다. 감사합니다...",10.0
2026-01-16,내용도 재미있고 감동적입니다.,10.0
2026-01-16,이제야 이 책을 읽게 되었네요,10.0
2026-01-15,잊지 말자는 생각이 강해지네여,10.0
2026-01-15,꼭 읽어야 하는 책!,10.0
2026-01-12,과거를 잊지 않게 해주는 고마운 책,7.5
2026-01-12,꾹꾹 눌러쓴 글 같아요.,10.0
2026-01-10,너무 궁금해서 구매했엉ㅅ,10.0
2026-01-09,아이와 함께 읽었습니다,10.0
2026-01-09,"드디어 구매했어요
소중하게 잘 읽어보겠습니다",10.0
2026-01-07,재밌게 잘 읽을게요~,10.0
2026-01-04,소년이 운다 잘 읽을게요,10.0
2026-01-04,역시 명불허전입니다 ㅎㅎㅎ,10.0
2026-01-03,"추천합니다 추천합니다
매장에서 둘러보고 구입하기 좋습니다
최고입니다",10.0
2026-01-03,아직 읽지는 못 했지만 읽기가 조금은 두렵지만 완독하려고 합니다! 표지도 맘에 들어요,10.0
2026-01-02,이제는 워낙 유명해진 책. 읽으면서 깊이 아파하고 공감했습니다.,10.0
2026-01-02,아주 재밌습니다 감동,10.0
2026-01-02,잘 읽어볼께요 굳굳,10.0
2026-01-01,기대한 책이라 잘 읽고 있습니다 ㅎㅍ,10.0
2026-01-01,기대한 책이라 재미있게 읽고 있습니다 ㅎㅎ,10.0
2026-01-01,아이가 구매했는데 재밌다고 하네요,10.0
2025-12-31,"정말 와닿는 책이라고 많이 들었습니다 잘 읽겠습니다
좋은 책 읽게 해주셔서 정말 감사드립니다",10.0
2025-12-31,진짜 정말 좋았던거 같아요 !!,10.0
2025-12-30,감사합니다 합럭하여 이루어낸 승리의 주역이십니다,10.0
2025-12-29,좋습니다 잘 읽을게요,10.0
2025-12-26,한 페이지 한 페이지 힘들게 읽고 있어요.,10.0
2025-12-25,제가 감히 말할 필요도 없는 책이죠.,10.0
2025-12-25,아직 읽어보지는 않았지만 리뷰보고 끌려서 구입했습니다 기대해봅니다~,10.0
2025-12-24,덕분에 좋은 책을 알게되었습니다. 감사합니다.,10.0
2025-12-24,소장하고 싶어 주문했어요.,10.0
2025-12-23,아이들과 함께 보려고합니다,10.0
2025-12-22,"*너무 읽고 싶었는데,
빠른 배송 감사요.",10.0
2025-12-22,올 해 가장 치욕적인 한 해 이면서 노벨 문학상의 최고의 해!,10.0
2025-12-22,재미있게 잘 읽었습니다,10.0
2025-12-21,작가의 담담하지만 묵직한 이야기가 잘 전해집니다,10.0
2025-12-19,우리나라의 아픈 역사를 되새기는 좋은 시간이 되었습니다.,10.0
2025-12-18,유년 시절에 겪었을 5.18의 진상을 조금이나마 제자들에게 전해주고 싶어 송년 선물로 구매~~~~!!,10.0
2025-12-18,,10.0
2025-12-17,세계적인 상을 수상한 작가님의 작품 하나를 읽어보고 싶어 여러 개 중 고르다 이걸로 구매하게 되었습니다,10.0
2025-12-16,글감이 정말 꼭꼭씹어 읽게됩니다.,10.0
2025-12-16,다른 책을 먼저 펼쳐 아직 읽기 전입니다. 기대됩니다.,10.0
2025-12-16,읽고 난 후 마음이 한동안 무거웠어요,10.0
2025-12-16,읽기 좋고 내용도 굿,10.0
2025-12-16,"힐링되고,좋습니다.",10.0
2025-12-13,이미 한번 봤는데 소장하고 싶어서 구매했습니다. 가슴이 먹먹합니다.,10.0
2025-12-12,"유명한 책이라 구매했습니다.
역사를 얘기한 책 기대됩니다",10.0
2025-12-11,두말할필요없이 소장가치 충분한책이라 구매했습니다,10.0
2025-12-11,"몇 페이지 넘어가기도 전에 눈물이 난다
너무 가슴이 아파 다 읽어낼 자신이 없지만 완주 해야겠지
5.18을 왜곡하는 자들은 진정 대한민국 국민이 맞는가?
대구 토박이로 자라 철저한 언론 차단으로 518을 모르고 자랐다 고등학생 시절 성당에서 주최한 사진전으로 그 참혹한 역사의 참상을 알게 되었다 민주화운동으로 돌아가신 모든 분들께
감사와 추모의 마음을 남기며 우리는
지극히 상식적이고 건강한 대한민국을 만들어가야 한다",10.0
2025-12-11,"소설책을 좋아하지않는데 위낙 유명해서 한번 읽어 봤습니다
보는내내 내용에 빠져드네요
화나고 슬프고 애틋하고 많은 생각을하게되는 책인거 같습니다
시간이 지나 다시 한번 읽어볼 생각입니다",10.0
2025-12-06,한강 소설 중 가장 재미있게 읽었어요!,10.0
2025-12-04,앞부분은 재밌었는데 뒷 부분은 애매했습니다. 전두환을 증오하게 됩니다,10.0
2025-12-04,좋은 책 써 주셔서 감사합니다.,10.0
2025-12-03,베스트는 배스트인 이유가있다,10.0
2025-12-03,적극 추천합니다..,10.0
2025-12-03,잘몰랐던….우리의 역사의 한부분을 실감나게… 어떻게 이야기릋 들로 표현했을까요? 힘드셨을것같아요…,10.0
2025-12-02,아이가 읽기 좋아요. 도움 많이 돼요.,10.0
2025-12-01,잘 읽을께요~~~~^^,10.0
2025-11-29,좋아요 감사합니다,10.0
2025-11-28,슬퍼서 여러번 울었네요 그날 못잊습니다,10.0
2025-11-27,알지못한 역사의 한 부분을 읽으며 배워간다,10.0
2025-11-26,한강작가 책 좋아합니다,10.0
2025-11-24,자랑스러운 대한민국의 한강작가 작품 강추합니다,10.0
2025-11-24,아빠입니다. 엄마의 마음을 읽으면서 대성통곡.,10.0
2025-11-24,역시는 역시 좋습니다,10.0
2025-11-22,예전에 빌려서 읽었지만 다시 구입했어요. 마음이 아프긴하지만 공감하며 일고 있어요.,10.0
2025-11-22,논술교재로 사용중인데 좋아요,10.0
2025-11-21,"상처는 사라지지 않는다
투쟁했던 흔적도",10.0
2025-11-20,내용도 좋고 책도 가벼워서 좋습니다,10.0
2025-11-20,소설이라기 보다는 그날을 시간으로 나눠서 쓴 시 같은 느낌이 였습니다.,7.5
2025-11-18,아이가 한강 작가님의 책을 통해 역사의 일부분을 낯설지 않게 깊이 이해하게 되었어요.,10.0
2025-11-17,노벨문학상 한강 작가님의 대표 작품!,10.0
2025-11-15,가슴이 먹먹하네요. 글을 곱씹어 읽게되요.,10.0
2025-11-13,재밌어요 술술읽힙니다,10.0
2025-11-13,한마디 한마디가 가슴에...,10.0
2025-11-12,"노벨 문학상 수상작품이지만 사실 많이 망설였다. 읽어낼 수 있을까.. 잠깐 어떤 내용인가 봤더니 5.18를 다룬 소설이었다. 이유는 모르겠고 그냥 망설였다가 조정래소설 한강을 읽다가 마지막 10권을 읽기 전에 강한 확신으로 이 책을 구매하고 결국 다 읽었다... 잠들기전에도 눈물이 흘렀다. 무슨 말을 할 수 있을까.. 그냥 하나님께서 그 모든 한을 어루만져 주시기를 ... 죽은 이들도 살아남은 이들도 모두 이미 죽어있는 그들을 무엇으로 우리가 감히 위로할 수 있을까..
한강 작가의 나레이션 같은 문체의 흐름은 때때로 무슨 말이지? 이해가 안가는 부분이 있을만큼 그녀의 감수성과 의식의 흐름을 따라가기 힘들었다. 한참을 읽어가야 앞부분의 그말이 이해가 되고.. 독특하고 깊은 감성이다. 왜 그녀가 노벨문학상을 받았는지.. 외국인들도 그걸 알았나보네.. 광주사람들의 그 깊디깊은 한과 그걸 바라보셨던 하나님께서 결국 그 사건을 세계에 알리셨네..흥해라 광주! 그 한을 덮어버리는 더 큰 복으로 광주를 어루만질 수 있게. 이번의 12.3계엄을 광주의 그들이 막은 것을 누가 부인할 수 있을까. 살아있는 우리는 광주에 큰 빚을 졌다. 집에만 틀어박혀 있는 나인데, 언젠가 한 번 광주를 방문하고 싶다.",10.0
2025-11-10,유익하고 재밌씁니다.,10.0
2025-11-10,한강 작가님 축하드립니다,10.0
2025-11-08,불편한 사실들을 읽는 내내 새로이 알게되었어요.,7.5
2025-11-08,감명을 주는 책 입니다,10.0
2025-11-05,사람을 후벼파는 가슴앓이가 있습니다,10.0
2025-11-05,좋아요 굿 배송빠름,10.0
2025-11-04,노벨문학상을 받은 한강작가의 소설이고 광주5.16의 참상을 간접적으로 알수 있는 기회가 되었습니다. 적극 추천합니다.,10.0
2025-11-04,민주화를 얻기위해 얼마나 많은 희생과 고통이 있었는지 과거를 통해 현재의 삶에 감사한책,10.0
2025-11-02,마지막 장까지 다 읽고 다시 첫 장으로 돌아가 다시 읽은 책.,10.0
2025-10-29,역사의 상처 속에서도 인간의 목소리가 살아 있었다,10.0
2025-10-29,가슴이 먹먹해지네요.. 재독 필수 독서입니다.. 마음 다잡고 다시 읽어볼게요 흡..,10.0
2025-10-28,"역시는 역시, 눈앞에 그려지는 듯한 표현력",10.0
2025-10-27,아직 읽기 전이지만 기대되는 책이에요~!,10.0
2025-10-26,한강작가의 책을 이제 구매해 봅니다. 찬찬히 고민하며 읽어보고자 합니다.,10.0
2025-10-24,추천합니다.....,10.0
2025-10-22,한강 작가님 다른 글들은 다 읽어봤는데 소년이 온다를 안 읽어봤더라구요. 뭘 생각하시던 기대 이상입니다,10.0
2025-10-20,앙~~~한강책좋음여,10.0
2025-10-19,소년이 온다 2014,10.0
2025-10-19,소년이 온다 소년이 온다,10.0
2025-10-19,청소년이 읽기에는 어렵지만 아이가 잘 읽고 많이 슬퍼했습니다.,10.0
2025-10-19,대한민국 만세만세만세쉐!!,10.0
2025-10-18,"학교 수행평가로 산 책인데, 묘사가 너무 스이미지로 전달되는 것보다 충격적으로 다가왔어요.",10.0
2025-10-16,읽으면서 눈물이 주룩주룩. 한번쯤 다들 읽어보면 좋을 소설.,10.0
2025-10-12,좋은 내용입니다. 잘읽었습니다,10.0
2025-10-11,배송도 빠르고 좋아요,10.0
2025-10-11,"처음 몇장 읽다가 힘들어 덮었다가 다시 열기를 반복. 겨우 다 읽었습니다. 목도 메고, 눈물도 맺혀서. 내년이나 되면 한 번더 읽어 보겠습니다",10.0
2025-10-11,정말 소장하고 싶었는데 이제서야 구매했습니다.,10.0
2025-10-10,한강 작가의 작문 능력을 알 수 있어요,10.0
2025-10-10,"이 소설을 읽는동안 1980년 5월의 광주 한복판에서
있는듯한 느낌이 들었습니다.
그때의 동호처럼 양심에 따라 행동할 수 있었을까?
절대 잊지 말아야 할 역사라고 생각합니다",10.0
2025-10-10,내가 감히 이 책에 리뷰를 남기며 이 책을 평가할 수 있을까,10.0
2025-10-09,재미있게 읽고 있습니다.,7.5
2025-10-06,"한강 작가님으 책은 소년이 온다 먼저 읽으세요!!
5•18의 내용을 담아 슬픕니다.......",10.0
2025-10-04,아이가 사달래서 사줫,10.0
2025-10-04,"슬프고 슬프지만
가슴을 울리는...",7.5
2025-10-03,노벨문학상 받은 한강의 작품 아이가 읽고싶어 샀어요,10.0
2025-10-03,슬프고 가슴 절이는 이야기입니다,7.5
2025-10-02,읽어 보고 좋아서 지인에게 선물하려고 한권더 구매했습니다.,10.0
2025-10-01,조용하지만 강한 느낌,10.0
2025-09-30,명작이라고 해서 구매해,10.0
2025-09-29,노벨 문학상 수상 빨리보고싶네요 배송주,7.5
2025-09-29,좋은 책입니다 읽어보세요,10.0
2025-09-14,80년대 생으로 겪지 못했던 광주 사태를 책으로나마 경험할 수 있게 되어서 감사한 공간이었다,10.0
2025-09-14,모순이라는 말은 반전을 말 할 수도 있고 불행을 말 할 수 도 있다.,10.0
2025-09-13,모두가 알아야하는 책,10.0
2025-09-11,"저는 이새대가 아니지만
자꾸읽는내내 영화택시운전사가 그려져요",10.0
2025-09-11,잘 읽었습니다. 읽는 내내 여러 가지 생각을 하게 됩니다.,10.0
2025-09-08,노벨문학상 작가의 작품인 소년이 온다를 읽고 우리 시대의 아픈 역사를 생각해 보게 됩니다. 과거 역사에서 교훈을 얻고 우리의 삶에 희망이 되길 바랍니다.,10.0
2025-09-08,많은 생각을 하게 만드는 책입니다.,10.0
2025-09-08,소장용으로 구입했어요,10.0
2025-09-07,정말 좋은 책입니다.,10.0
2025-09-07,정말 정말 좋은 소설입니다.,10.0
2025-09-07,한강작가님 존경해요,10.0
2025-09-07,너무 감동적이였어요.,10.0
2025-09-07,너무 슬펐어요. 정말요.,10.0
2025-09-07,정말 눈물이 주룩 났어요,10.0
2025-09-07,한강 작가님의 책 추천합니다,10.0
2025-09-04,감사합니다. 좋은 작품.,10.0
2025-09-04,노벨상 작품 읽어보고 싶다해서 샀어요,10.0
2025-09-03,"작품 좋습니다
소장하려고 구매했습니다",10.0
2025-09-03,"작품 좋습니다
소장하기 위해 규매했습니다",10.0
2025-09-02,읽으면서 괴로운순간도 있지만 추천합니다.,10.0
2025-09-01,감명깊게 읽은 서적입니다.,10.0
2025-08-31,"너무 늦게 본 감이 있지만, 감동은 더 크게 느껴지네요...",10.0
2025-08-30,가슴아프지만 모두 알고 기억해야할 사건,10.0
2025-08-30,너무 아프고 슬픈 현실을 담은 책,10.0
2025-08-30,한국인이 필수로 읽어야한다는 생각이 드는 책..,10.0
2025-08-29,"생각보다 얇은 책이라서 놀라고 읽으며 깊은 글에 한번더 놀라는 시간이었다
때로는 알수없는 3인칭 시점이 혼라스러웠지만 끝으로 가면 1인칭으로 변화하는 필력이 놀라웠다 5.18 을 주제로 해서 노벨상을 받은게 아니라 그녀의 필력이 노벨상을 준거라 생각이 들었다 그곳에 같이 있을수는 없지만 그들의 아픔은 머리속에서 그려진다",10.0
2025-08-27,읽기시작하면끝까지읽어야되요.,10.0
2025-08-24,읽어볼 생각에 두근거립니다,10.0
2025-08-24,좋은작품 잘 읽었습니다,10.0
2025-08-23,"왜 소설을 ‘문학’이라고 표현하는지 <소년이 온다>를 읽으면서 깨닫게 되었다. 인간의 사상이나 감정을 글로 표현한 예술. 한편의 예술 작품이다. 소설 속 인물들의 감정에 깊이 빠져들고, 그 문장들이 너무나 슬프도록 아름답다.

읽기 시작한 순간부터 그날의 이야기로 몰입하게 된다. 시간의 순서대로 쓰여지지 않았고, 각 장마다 다른 인물들의 목소리로 그날의 사건에 대해 이야기 하는 다양한 서술방식을 사용한다. 어려워 헤매이며 읽어가더라도 어느 순간 알게 된다. 어떤 이야기를 하고 있는지 마음으로 와서 닿아버린다. 왜 한강작가가 이 소설을 쓰게 되었는지. 이 소설과 같이 그날의 일을 계속해서 이야기 하고 알리는 것이 왜 필요한지 깨닫게 되었다. 역사 시간에 배워서 이미 잘 알고 있다고 생각했지만, 아는게 아니었다. 알았어도 또 다시 이렇게 누군가 이야기 하지 않고 이렇게 읽혀지지 않는다면 까먹고 잊혀져 버릴테니까.

이 <소년이 온다>는 20세기 한국을 담은 소설 중에 어떠한 위치를 차지할게 될까. 이미 한 획을 그을만큼 그 존재감이 뚜렷하다.",10.0
2025-08-16,말이 더이상 무슨 필요가 있겠습니까,10.0
2025-08-14,너무너무 찰 봤습니다.,10.0
2025-08-14,정말 정말 좋은 책같아요.,10.0
2025-08-14,정말정말 잘 읽었습니다.,10.0
2025-08-13,배송도 빠르고 드디어 한강님의 작품을 구매했네요,10.0
2025-08-13,짧지만 강하고 무겁다.,10.0
2025-08-12,작가의 조용하게 스며드는 문장들에 강탄하게 됩니다,10.0
2025-08-08,하…. 가슴이…. 너무….. 아파요….,10.0
2025-08-08,필력에 감탄하게 됩니다~,10.0
2025-08-08,꼭 읽어 보면 좋을 책이라고 생각해 주문했고 잘 읽겠습니다,10.0
2025-08-07,독후감상문 쓰려고 주문했습니다. 기대됩니다.,10.0
2025-08-07,기대하며 읽고 있습니다.,10.0
2025-08-06,"잊고있었던 그시절로 돌아가보았습니다.
마술같은 순간으로 ..",10.0
2025-08-05,유명해서 읽어보려고 샀는데 벌써 기대돼요,10.0
2025-08-05,한강 작가님의 글이라 기대되요.,10.0
2025-08-05,꼭 읽어봐야 하는책입니다. 한강작가님 책 중 반드시 읽어야 할것 같습니다.,10.0
2025-08-05,즐겁게 읽으며 생각할게 많았습니다.,10.0
2025-08-05,역사의식을 가져야함을 깨닫습니다,10.0
2025-08-05,시작하면 끝까지...,10.0
2025-08-05,"소년이 온다. 결국 200 페이지 남짓의 한 권을 읽어내는데 꽤 오랜 시간이 필요했다.
가슴이 꽉 막힌 것처럼 먹먹해서 쉽사리 페이지를 넘길 수가 없었다. 멈추기를 수차례.

일제시대를 비통해하며 조정래 ‘아리랑’을 읽던 이십대도 생각나고,
올해 봄 제주 4.3평화공원에서 ‘어떻게 이런 일이 있을 수 있나’ 울컥했던 감정도 다시금 올라왔다.
이토록 끔직했던 과거사들이 다시 반복되지 않기를-",10.0
2025-08-04,진심 어린 문장들로 무고한 영혼의 말을 대신 전하며 그 시절을 잊고 무심하게 살아가는 우리에게 묵직한 메시지를 던진다.,10.0
2025-08-03,한강 작가님 책 소장하고싶어 주문했어요.나중에 아이도 읽게할꺼예요~추천합니다^^,10.0
2025-08-02,감사합니다 주말에 읽으려고 샀어요 조금 슬프네요 한장한장 읽기가 가슴이 아픕니다,10.0
2025-08-02,감동 그 자체인 작품이네요!,10.0
2025-08-02,"이래서 상을 받았구나...처음엔 이게뭐지? 그러면서 보다가 마지막에 울어버리게되는 ...
한강님을 알게 된 책입니다. 여러권사서 사람들에게 선물한 책입니다ㅡ",10.0
2025-07-30,이 책을 읽는 동안 역사적 아픔을 다시 한번 깊이 생각하는 시간이었습니다,10.0
2025-07-29,아이와 함께 읽은 책으로 생각할 수 있는 내용입니다,10.0
2025-07-29,그날의 아픔을 알리는데 역할을 해줘서 감사할 따름.,10.0
2025-07-28,아픔을 치유해주는 책,10.0
2025-07-28,소년이 온다 읽고 깊이 묵상 중,10.0
2025-07-26,열심히 잘 읽었습니다.,10.0
2025-07-26,재미있게 잘 읽었습니다.,10.0
2025-07-26,흥미 있기에 한번에 넘어가요,10.0
2025-07-25,좋네요. 독서하기 좋은날,10.0
2025-07-25,"한강 작가님의 노벨 문학상 작품 읽고 싶고, 소장하고 싶어 구매했습니다. 자랑스러워요~",10.0
2025-07-23,추천합니다,7.5
2025-07-23,실화를 바탕으로 생생한 이야기를 제대로 접하다,10.0
2025-07-23,끔찍했던 과거를 다시 한번 되짚어보게 됐습니다,10.0
2025-07-20,"말이 필요 없는 대작. 섬세하지만 덤덤한 감정 묘사와 어느덧 몰입하게 만드는 자연스러운 전개, 그러나 치밀한 얼개는 독자를 모든 사건의 중심으로 끌고 들어간다. 작퓸성부터 필력까지 단연코 최고다.",10.0
2025-07-20,읽는 내내 마음 한켠이 무거웠어요,10.0
2025-07-19,"한강 작품이어서 한번 읽어보려고요
노벨상 받으신분의 책을 있는 그대로 한글로 읽다니 영광이죠",10.0
2025-07-19,가성비가심비최고에요,10.0
2025-07-18,"정신나간 정권의 너무 충격적인 사실들이 드러나서 읽기 힘들었어요. 그만큼 인물들의 정서가 잘 묻어나는 문장들이에요. 자료조사하느라 너무 힘드셨을거 같아요. 한국어로 된 작품으로 전세계에 미친 정권의 피해자들 심정을 낱낱이 드러내주셔서 감사합니다. 피상적으로 알던 상황과 결과였는데… 심도있으면서도 가독성 좋은 필체로 읽으니 마치 그날 그때를 경험한 듯, 힘들지만 뜻깊은 이어짐의 시간이었습니다.",10.0
2025-07-18,소장용으로 다시 구입했습니다.,10.0
2025-07-17,"베스트셀러라 구매해봤어요
잘읽어보께요",10.0
2025-07-17,"잊어서는 안 될 역사의 한 페이지를 강렬하게 기억하게
만드는 책",10.0
2025-07-16,꼭 읽어보고 싶었던 책입니다❤,10.0
2025-07-15,아버지께 사드린 책인데 공감이 많이 된다고 하시네요.,10.0
2025-07-15,미루고 미루다가 구매했는데 진작 구매하고 더 일찍 볼 걸 그랬음,10.0
2025-07-14,명작입니다. 너무 좋아요~!,10.0
2025-07-14,반드시 읽어야 할 책! 절대 부정할 수 없는 5.18.민주화운동 과정에서 국가가 권력을 유지하기 위해 살인을 저지른 사건이라...,10.0
2025-07-14,책을 읽고나서 너무 충격이라 회사직원들에게 사주고 있습니다. 꼭 읽어보라고~,10.0
2025-07-14,공포물이 아님에도 공포를 느낄 수 있다는 것이 너무 슬픕니다. 우리나라의 아픈 과거를 간접적이지만 충분히 알 수 있게 해준 훌륭한 책입니다.,10.0
2025-07-14,역사를 알고 읽는 것이라 마음이 무겁습니다.,10.0
2025-07-13,내용이 재미있어서 한번에 다 읽었어요.,10.0
2025-07-13,읽으면서 너무 슬프고 화나서 힘들었어요...,10.0
2025-07-12,감사합니다 잘 볼께요,10.0
2025-07-12,외국사는 가족에게 선물,10.0
2025-07-12,소년이 온다에서 미래가 온다라는 부제를 느낀다. 실패로 끝난 비상계엄이 성공했더라면 이 책은 과거사가 아닌 예언서가 되었을것이다. 소설이라고? 내가 어려서 몰랐던 그때로 돌아가 실제상황이 내 눈앞에 펼쳐진듯한 필체는 518은 여전히 현재진행형이며 미래라는걸 보여준다.,10.0
2025-07-11,읽으면서 중간중간 마음이 너무 아파 몇번이고 책을 덮고 열기를 반복했습니다,10.0
2025-07-10,업무가 있어 제대로 읽고있지는 않지만 기대되는 한강 작가의 소설이네요.,10.0
2025-07-08,초등 6학년 아이에게 광주 민주화 운동의 슬픔을 알려주고 싶어 구매했습니다.,10.0
2025-07-07,한강의 노벨문학상에 가장 큰 영향을 준 작품인 것 같다,10.0
2025-07-06,그 시절 얘기를 몰입감있게 잘 푼 것 같습니다,10.0
2025-07-05,광주 5.18에 대해 자세하게 알 수 있어서 좋았고 뜻 깊은 내용이였어요,10.0
2025-07-03,역시 한강이네요!!!,10.0
2025-07-03,이 시대의 필독서. 문장마다 고통이 스미는 듯했지만 그래도 반드시 완독해야 하는 책입니다.,10.0
2025-07-02,화나고 슬프고 괴롭다,10.0
2025-07-01,,10.0
2025-07-01,"독서토론회에서 발표하느라 세 번 읽었어요. 첫번째와 두번째 읽었을 때 보이지 않았던 것이 세번째 읽으니 보이더군요. 한강님이 '소년이 온다'로 인터뷰한 걸 봤어요. 3줄 쓰고 한 시간 울고ㅠㅠ 저도 세 번 읽으면서 계속 울었고, 각각 다른 시간, 다른 장소에서 세 번 발표하면서 세 번 울었습니다. 한나 아렌트의 '악의 평범성'에 대해 다시금 생각하게 됐어요. 인간이 이렇게 잔인한 존재라는 사실을, 자유와 평화가 그냥 얻어지는 것이 아니란 사실을 뼈저리게 느꼈습니다. 12.3 내란의 밤, 탱크와 무장한 군인들 앞을 가로 막은 용감한 시민들, 계엄령 해제를 위해 국회의사당 담장을 뛰어넘은 국회의원들, 올바른 가치관으로 국민을 보호하기 위해 명령에 불복종한 군인들 모두에게 감사합니다.",10.0
2025-06-30,안타까운 현실을 공감하며 읽었어요,5.0
2025-06-29,예전에 읽을때 저는 그닥 감동이 없었어요. 내용도 기억안나고. 개인적으로 책 별론데 하는 맘이었기에ㅠ ㅠ 다들 극찬하니 다시 읽고 확인해야겠다 싶어서 샀습니다,10.0
2025-06-29,518 민주화운동을 보는 기분이에요.,10.0
2025-06-28,잘 읽겠습니다. 감사합니다.,10.0
2025-06-27,"5.18을 책으로 읽는건 처음 입니다.
너무 슬퍼요
다신 일어나지 말아야 할 일입니다.
한강 작가님께 감사드려요",10.0
2025-06-26,누구나 알아야할 진실,10.0
2025-06-25,"작가님의 다른 책은 읽었는데…
이제야 찾네요",10.0
2025-06-25,역시 노벨상ㅠㅠㅠㅠㅠㅠ,10.0
2025-06-24,"5.18 광주민주화운동의 참상을 통해 인간의 존엄성과 폭력,그리고 폭력에 대한 저항정신을 문학적으로 재현한 작품으로 많은 것을 느끼게 하는 작품이었습니다.",10.0
2025-06-23,담담하게 쓰여져 더욱 가슴 아픈 작품,10.0
2025-06-18,한강님 소설 드디어 읽네요 ㅎ 기대됩니다^^,10.0
2025-06-18,많은 생각을 하고 많이 느끼게 해주는 책입니다.,10.0
2025-06-18,색다른 시점부터 인상적이에요~,10.0
2025-06-16,생동감이 있어요 ..,10.0
2025-06-15,한강 작가님 소설 하나씩 소장해보려고 합니다.,10.0
2025-06-15,ㅠㅜ엉엉 울었답니다,10.0
2025-06-15,책내용이 너무 좋아요,10.0
2025-06-14,한강작가님 역시나 최고입니다,10.0
2025-06-13,드디어 읽어보네요 ㅎ 넘 좋습니다^^,10.0
2025-06-12,읽은 후에 마음이 먹먹해지는 책,10.0
2025-06-11,엄마 선물해 드렸는데 좋아하세요.,10.0
2025-06-10,"아버지하테 선물로 드렸어요, 좋아하시네요",10.0
2025-06-10,마음이 너무 아팠어요,10.0
2025-06-09,"많은 페이지가
아닌데 한장한장 넘기기가 힘들었어요",10.0
2025-06-08,좋아요. 최고에요,10.0
2025-06-08,"너무 슬플까봐, 마음이 힘들까봐 쉽사리 읽어내지는 못하고 있습니다. 한강선생님 다른 작품 작별하지 않는다도 좋아기에 기대해봅니다.",10.0
2025-05-31,아이가 읽어보고 싶다고 해서 사서 같이보려고합니당,10.0
2025-05-30,추천합니다,7.5
2025-05-30,재밌고 유익합니다. 추천합니다!,10.0
2025-05-30,소년이온다소년이운다,7.5
2025-05-29,친구에게 선물했습니다.,10.0
2025-05-28,워낙 유명한 책이라,10.0
2025-05-28,아직 못읽었습니다. 유명한책이르 구매.,10.0
2025-05-28,노벨문학상 수상자의 필력이란!,10.0
2025-05-28,좋은책입니다. 감사합니다.,10.0
2025-05-26,한강 작가님 작품 중 꼭 읽어보고 싶던 책,10.0
2025-05-25,내란이 일어나기전에 한강작가가 이 책을 내고 노벨상까지 받아 많은 사람들이 읽게되고 다시는 이런 아픔이 있어서는 안된다는 각성이 많은 사람을 국회로 달려가게 만든듯. 그래서 다행이고 감사했습니다,10.0
2025-05-24,5.18을 맞아 꼭 읽어봐야 할 책이에요,10.0
2025-05-22,소년이 온다 읽어봐요,10.0
2025-05-21,중학교 아침 독서 시간에 사용합니다.,10.0
2025-05-21,"재밌고 유익합니다
추천합니다",10.0
2025-05-21,지난 역사를 잊지않게 해주네요.,10.0
2025-05-20,"여러 시점에 놀랬고.
너무 크게 아픔이 다가와 너무 많이 울었고
역사는 되풀이 됨에 현타가 오고.
내가. 우리가. 모두가 용기 있길 바랍니다.",10.0
2025-05-20,민주주의를 누리는 현재를 살아가는 빚진 자들의 필독서,10.0
2025-05-18,읽어가기 힘들더라도 알아야 할 것 같아서 구매합니다,10.0
2025-05-17,선물용으로 구입했어요,7.5
2025-05-16,읽고. 싶었단. 책,10.0
2025-05-16,5.18민주화운동에 관한 책은 많아도 이 정도 충격은 처음,10.0
2025-05-15,"노벨문학상
받은 작품은 한번쯤 읽어 보고 싶어 구입합니다",7.5
2025-05-15,우리나라 최초 노벨 문학상 받은 작품이니 한번은 읽어 보고 싶었어요,7.5
2025-05-15,꼭 읽어 보세요 소년이 온다,10.0
2025-05-14,뉴스에서 상 받은것 보고 한번 읽어봐야겠다 생각하고 구매했어요~ 기대되네요~,10.0
2025-05-14,도움되는내용 잘읽었습니다,10.0
2025-05-14,읽으면서 감정 이입돼서 너무 슬펐어요. 나라면 어땠을까 생각하면서 읽었습니다.,10.0
2025-05-13,아들녀석이 주문해달라고 해서 주문해주었습니다. 주문하고 나서 매일같이 책 언제 오냐고 하더니 오늘 도착했네요. 감사합니다:),10.0
2025-05-13,읽는내내 마음이 아팠어요. 잘 읽었습니다.,10.0
2025-05-12,읽고난 후 펑펑 운 책이에여,10.0
2025-05-12,책구성 깔끔하고 아주 도움이 되었습니다.,10.0
2025-05-10,너무 좋아요 문장문장이 와닿고..,7.5
2025-05-10,ㅅㅈㄴ짖ㅋㅈㄱㅈㄱㅈㄱㅈㄱㅂㅈㅂㅈ,7.5
2025-05-10,중3 아이가 사달라고 해서 샀어요~~~^^,10.0
2025-05-08,존경하는 한강작가님의 글을 읽고 싶어서 주문합니다~~^^,10.0
2025-05-08,한강작가님의 이야기의 울림이 있습니다.,10.0
2025-05-08,한번에 읽기 힘들었던 책이었습니다,10.0
2025-05-08,"읽는 내내 가슴이 정말 먹먹했습니다.
한국인이라면 무조건 읽어보셨으면 좋겠습니다!",10.0
2025-05-07,,10.0
2025-05-07,한강 소설 유명해서 구입했어요,10.0
2025-05-07,좋은책 잘 읽었습니다,10.0
2025-05-06,광주 민주화운동! 내가 초등학교 1학년때 였다. 그 당시 한국 언론은 죽었다. 사법도 죽었다. 수십년이 흐른 후에서야 국가는 전두환과 노태우를 법정에 세웠다. 그러나 그들은 뉘우치거나 반성하지 않았다. 죽을때까지도... 나는 그 날을 잊지않기위해 이책을 구매했다.,10.0
2025-05-06,"역사를 다시 돌아보게됩니다.
누구도 역사를 왜곡하거나 바꿀 수 없습니다.
역사는 진실을 담고 있습니다.",7.5
2025-05-06,한강 작가 최고예요~,10.0
2025-05-05,덤덤히 써내려간 그때의 참상,10.0
2025-05-04,아이에게 주제는 좀 어렵지만 유익해요,10.0
2025-05-03,노벨문학상을 수상하신 작가님의 작품을 원서로 읽을 수 있어 영광입니다.,10.0
2025-05-03,한강의 글은 단어와 표현이 너무 좋다,10.0
2025-05-03,"p.12 -몸이 죽으면 혼은 어디로 갈까, 문득 너는 생각한다.-",10.0
2025-05-03,재밌게 잘 읽을 수 있었어요.감동적이에요,10.0
2025-05-02,가슴을 울리는 이야기에요.,10.0
2025-05-02,담담한듯 그렇지만 쓰라립니다.,10.0
2025-04-30,꼭읽어봐야할책으로 구입했습니다~~^^,10.0
2025-04-29,아직 읽기 전인데 노벨상 받은 작품이라 기대되네요.,7.5
2025-04-28,이제서야 읽어보는 소년이 온다 눈물이 마르질않는다,10.0
2025-04-28,그냥 너무 좋아요,10.0
2025-04-27,잘받았습니다 감사합니다,10.0
2025-04-27,좋은 내용 같이 느껴보고싶어요,10.0
2025-04-26,"가끔 너무 유명하면 읽을 떄를 미루는 버릇이 있어요
한강 작가님의 이번 책이 제게 그렇습니다. 이제야 읽어보려고 합니다",10.0
2025-04-26,광주항쟁을 잘 알게 되었습니다.,10.0
2025-04-26,기억하고 추모하는 마음,10.0
2025-04-25,좋은 책을 추천 받아 구매 했네요~~ 잘 읽을게요~~,10.0
2025-04-25,,10.0
2025-04-25,시대를 관통하는 책이네요,10.0
2025-04-25,왜 상을 상을 받았는지 알겠다,10.0
2025-04-24,"인간은 선한 존재인가, 악한 존재인가.",10.0
2025-04-24,잘받았아여 남편이 잉ㄱ거싶다고 해서 구입햌ㅅ어여,10.0
2025-04-24,한강 작가의 진실함이 묻어나는 책 오래도록 감정이 느껴지는 작품입니다.,10.0
2025-04-23,한강작가의 책 이제 읽어보려합니다.,10.0
2025-04-23,너무나 가슴아픈 폭력의 잔재들…아직도 진행중,10.0
2025-04-22,"첫페이지 열자마자 끝까지 놓을수 없었어요
한강님의 죽은자가 산자를 구할 수 있는가
라는 물음이 와 닿았고 가슴을 울렸습니다
감사합니다",10.0
2025-04-21,역시 빠져드네요 그 속으로,10.0
2025-04-21,내용이 어렵다는데 잘 읽어 보겠습니다.,10.0
2025-04-20,아직 읽기전. 기대합니다,10.0
2025-04-20,한강 작가 소설은 처음 읽어봅니다. 쉽게 읽지는 못했지만 여운이 남는 좋은 소설이었습니다.,10.0
2025-04-19,"그날과 관련된 다양한 인물들의 이야기. 장이 바뀔 때마다 중심인물이 바뀌나, 모두 동호와 관련 있는 인물이었다.
담담해서 더 슬픈 이야기.",10.0
2025-04-19,2장은 내가 곁에 있는거 같아서 답답하고 무서워서 한참을 울었다.,10.0
2025-04-18,"내가 태어나기도 전에 일어난 역사적인 사건임에도 우리가 지금까지 이 사건을 떠올리며 분노와 공감할 수 밖에 없는 이유는 지금 이 시대까지 역사를 덮으며 태연히 살아가는 이들 때문이지 않을까 싶다.
아직도 살아 있다는 치욕을 갖고 살아가는 이들에게 감히 무슨 말을 붙일 수 있을까. 그저 우리가 해야할 일은 그들과 그들에게 빚진 숭고한 민주화 정신, 그리고 같은 역사가 반복되지 않도록 끊임없이 기억하고 지켜내야함을 느낀다.",10.0
2025-04-16,슬프더라도 읽어봐야 할 것 같아서 구입했어요,10.0
2025-04-16,힘든 시대에 맞서 싸워주신 분들 덕분에 세상을 살고 있네요,10.0
2025-04-16,여운이 남는 책이었습니다..,10.0
2025-04-15,잘 읽어 보고 있습니다,10.0
2025-04-15,아내가 재미있다고 하네요.,10.0
2025-04-15,"한강작가님! ㅠ 역시는 역시다 싶었어요
너무 표현력도 잘느껴졌고.. 다만 조금 책을 많이 안읽은 사람으로서 처음에는 장마다 갈필을 못잡았었는데 읽다보니 술술 읽혀 좋았습니다.",10.0
2025-04-15,노벨문학상을 수상하신 한강 작가님의 작품을 만나볼 수 있다니!,10.0
2025-04-15,"너무 슬프고 무섭고....
아이에게도 권하고 싶지만 아직 이해하기엔 어려서 좀더 크면 읽히겠습니다.",10.0
2025-04-15,가히 설명할 수 없는 최고의 책. 이전에 다른 책들에서는 겪어보지 못했던 시점으로 서술되어 더 몰입도가 높았다. 책을 읽으면서 내가 완벽히 그 스토리에 동화되어 눈물이 날 수 있구나...라는 생각이 들게 한 책. 우리는 광주에게 진 빚이 하나 있다,10.0
2025-04-15,소장하고싶어서 구매했어요,10.0
2025-04-14,"채식주의자 다음 두번째 한강 작가님 책. 작가님의 사실적인 묘사는 정말이지 읽으면서도 내 표정이 다양해진다 ,,",10.0
2025-04-14,최근 일어났던 일들이 다시금 생각나며 깊이 몰입될 수 있는 책,10.0
2025-04-14,읽어보고 싶었는데 이제 구입해서 읽네요. 좋습니다.,10.0
2025-04-14,한강작가 작품을 알고 싶어 구매했어요,10.0
2025-04-13,이 책이 참 재밌을 것 같습니다.,10.0
2025-04-13,"미국에 있는 친구 선물로 보내려고 샀어요.
노벨상 수상자의 작품을 원서로 읽을 기회!라며 벌써 세 권째 주변인들에게 선물중이예요. 다들 너무 좋아해요.
타지에서 학교다닐때 소년이온다를 읽으며 길거리에서 엉엉 울었던 기억이있는데 상 받으셔서 너무 기쁩니다",10.0
2025-04-13,작년 12월부터 올해 4월까지 가장 마음에 새긴 책,10.0
2025-04-13,"슬프지만, 기억해야 할 역사를 한강은 한자한자, 여백과 함께 이를 아름다움으로 그려낸다.",10.0
2025-04-12,역시 한강은 한강이네요,10.0
2025-04-12,역시 한강을 보며 한강을 읽는다,10.0
2025-04-12,너무 가슴아픈 이야기. 아플 걸 예상해서 오래도록 읽지 못하다 얼마전 읽었습니다.,10.0
2025-04-11,"역사는 지금도 흐릅니다.
그들은 불의했고 처벌 받았지만 아직도 용서를 구하지 않음에 분노가 치밀어 오릅니다.",10.0
2025-04-11,한강작가님 소년이온다. 잘 읽었어요. 마음깊이 새기겠습니다.,10.0
2025-04-10,보다가 울었습니다…,10.0
2025-04-09,좋아요 감사합니다 ~~,10.0
2025-04-09,딸아이가 읽어보고 싶다고 해서 주문했어요,10.0
2025-04-09,추천받아 구입합니다,10.0
2025-04-09,"읽어가면서 중간중간 힘들었습니다. 절절히 선명히 그 순간들이 느껴지고
마치 나 스스로가 그 현장에 있는 것 같은 느낌이 전해져서 참 고통스럽고 처절함이 그 깊은 슬픔이 전해졌어요 좋은책 감사합니다",10.0
2025-04-09,역시 다르네요. 감정이..,10.0
2025-04-09,다음편이 너무나도 기대되네요,10.0
2025-04-08,"가슴아프지만, 꼭 기억해야 하는 역사입니다. 읽는 내내 마음이 미어지는.. 중학생 딸아이에게도 추천했습니다.",10.0
2025-04-08,잘 읽고 있어요...,10.0
2025-04-08,아직 제나이에 이해하긴 힘든 소설같아요! 나중에 꼭 읽어보겠어!,5.0
2025-04-06,책의 내용이 너무 힐링돼요!!🧡🧡,10.0
2025-04-06,진짜 너무 사랑하는 작가님,10.0
2025-04-05,한번 읽어보고 싶어서 샀습니다~,10.0
2025-04-04,"좋은 책이에요
끝까지 잘 읽혀요",10.0
2025-04-04,우리의 정치인들이 ㅇ필독 도서이길 바랍니다,10.0
2025-04-03,한감작가님의 소년이온다 흠~~~~,10.0
2025-04-03,중학교에서 수업하는 책입니다,10.0
2025-04-03,좋은 책 읽을 수 있음에 오늘 하루도 감사합니다.,10.0
2025-04-02,조금 힘든 부분이 있지만 두고두고 볼 책입니다,10.0
2025-04-01,이번 봄에 읽으려고 구입했어요,10.0
2025-04-01,중간에 멈출 수 없고 끝까지 읽게 돼요...,10.0
2025-04-01,인기도서를 빠르게 구입할 수 있어서 좋았습니다.,10.0
2025-04-01,"예전에 읽었던 책인데 아이에게도 읽어보라고 구입했어요.
책을 읽고 먹먹했던 기억이 아직도 남아있어요.
조망간 재독해 보려구요.",10.0
2025-04-01,그들의 아픔을 조금이나마 살펴 볼 수 있는 책,10.0
2025-03-31,한강작가님의 책을 찾다가 소년이 온다라는 책을 읽게 되었습니다.,10.0
2025-03-31,명작은 꼭 읽어야 합니다.,10.0
2025-03-30,"5.18 광주 민주화운동 . 그동안 책으로 방송으로 영화로 유튜브로 수없이 우리의 가슴아픈 역사를 많이 보았다 . 이책을 선택하면서 5.18 내가 알고 있는 내용이 다겠지 이런 철없는 마음으로... 첫장을 천천히 다 읽고 갑자기 하루에 한장씩 6일동안 읽어보자 라는 마음이 생겼다 하루 이틀 사흘 나흘... 오늘이 되기까지... 마음에 무거운 무언가가 있었는데 담담하게 읽어 내려오던 나는 에필로그를 읽으면서 가슴의 무언가가 터지는 것을 느꼈다 . 6장까지 덤덤하게 잘 읽어왔던 나는 울음과 분노가 참아지질 않았다 ... 이토록 마음 아픈 역사 , 어쩌면 많은 사람들이 잊었을 참담함과 분노가 2025년이 되어서 이렇게 깊게 찾아올줄은 몰랐다 ... 감사합니다 고맙습니다 응원합니다 마지막으로 축하합니다",10.0
2025-03-30,많은 사람이 읽었으면 좋겠습니다,10.0
2025-03-29,읽으면서 너무 마음 아픈 책,10.0
2025-03-29,꼭 봐야하는 책이라고 생각합니다.,10.0
2025-03-29,시간내서 읽고 있어요,10.0
2025-03-28,한강 작가님 책 모으는 중.,10.0
2025-03-27,시간 가는줄 모르고 보게 되네요....,10.0
2025-03-25,정말 최고네요.~~~,10.0
2025-03-25,정말 노벨상에 어울리는 작품같아요.,10.0
2025-03-25,정말 정말 좋은 작품이네요.,10.0
2025-03-25,또보고 또 봤습니다.,10.0
2025-03-25,모든분들이 뵈야하는 작품같아요.,10.0
2025-03-25,정말 슬펐어요. 또 보고싶어요.,10.0
2025-03-25,눈물 줄줄 흘리며봤어요.,10.0
2025-03-25,정말 대단한 작품같아요.,10.0
2025-03-25,다시는 이 땅에서 이와 같은 비극은 생기지 않아야 한다.,10.0
2025-03-25,광주 민주화운동 배경에 공감됩니다,10.0
2025-03-25,읽고 또 읽게 되는 책이네요. 너무 좋아요,10.0
2025-03-24,...........,7.5
2025-03-24,채식주의자 다음으로 바로 읽게되는 책이네요,10.0
2025-03-24,잘 읽어볼게요 좋어요,10.0
2025-03-23,읽어보고 싶은 도서였어요.,10.0
2025-03-23,"생각하게되는 책입니다
추천해요",10.0
2025-03-23,다들 읽으니 구매해봅니다.,10.0
2025-03-22,노벨 문학상 수상작을 원어로 읽을 수 있는 것은 큰 기쁨,10.0
2025-03-22,"80년 5월의 광주.
그 참상과 트라우마.
이 역사를 모독하는 자들에게 저주를",10.0
2025-03-22,**********,10.0
2025-03-22,다들 꼭 읽어봤으면 하는 책,10.0
2025-03-21,갚이있는 생각을 하게해줍니다,7.5
2025-03-21,"한강작가 두번째 책 구매해서 읽고 있어요
좋아요",10.0
2025-03-20,선물로 구입했어요.,10.0
2025-03-20,소년이온다. 한강작가님감사핮니다,10.0
2025-03-20,"살아남은 사람들의 고통에 대한 이야기. 이젠 그만 내려두고, 어제의 나도 오늘의 나도 그리고 당신도 함께 앞으로 나아가길 바란다. 삶은 아름답지만, 고통스럽고 ... 또 짧다.",10.0
2025-03-19,관심이 있어서 구매하였습니다. 기대됩니다.,10.0
2025-03-19,너무 재밌게 잘보고 선물도했어요,10.0
2025-03-19,좋은 책이었습니다.,10.0
2025-03-19,아주 유익하게 읽었습니다.,10.0
2025-03-19,"주변 평이 좋아 읽기 시작한 책!
가슴아플 준비 완료요!",10.0
2025-03-19,현재에도 그런일이...,10.0
2025-03-19,읽는것만으로도 체험하는듯한 고통,10.0
2025-03-18,잘 읽어보도록할게요!,10.0
2025-03-18,"볼만함.
볼만함.
볼만함.",5.0
2025-03-18,"읽는 내내 슬프고 화나고 먹먹했어요.
어떻게 얻은 민주주의인데 요즘 나라꼴이,,,
역사를 잊은 민족에게 미래는 없다는 말이 생각납니다.",10.0
2025-03-18,재미있게 잘 읽었습니다,10.0
2025-03-18,배송도 빠르고 포장도 잘 해주어서 감사드립니다,10.0
2025-03-18,한강의책 믿고봅니다,10.0
2025-03-17,"고마워요. 한강 작가님.
그날의 기분들이 와닿아 깊게 슬프지만,
그들의 슬픔을 조금이나마 이해하며
위로의 마음을 전할수 있게 된것에 감사합니다.",10.0
2025-03-17,"책을 중간에 놓을수가 없어서 주욱 봤습니다
그동안 어렴풋하게 알고 있었던 5.18의 진실을 알 수
있어서 고마웠구요
한강작가님의 작품들을 하나씩 읽어가며 그 세계를
음미해 보는 시간을 갖고 있어서 또한 감사합니다^^",10.0
2025-03-17,마음 아프게 읽어내려갑니다.,10.0
2025-03-17,책!책!책!을 통해 한강 작가님 책을 처음 접합니다. 술술 읽혀요,10.0
2025-03-17,한강 문학상 받은 작품 궁금해서 구매했어요,10.0
2025-03-17,읽어보려고 구입함,10.0
2025-03-16,읽으면서 계속 울었습니다.. 모든 사람들이 꼭 읽었으면 좋겠습니다.,10.0
2025-03-16,소장하고픈 책이랍니다,10.0
2025-03-15,소년이 온다.,10.0
2025-03-15,단순히 공감하고 바라만 보지 않고 쓸어 안고 가야할 우리의 역사,7.5
2025-03-15,518민주화운동 당시 상황을 생생하게 나타내줍니다. 읽어보시는 것을 추천드려요.,10.0
2025-03-15,추천 합니다~~♡♡,10.0
2025-03-15,"소장용으로 구매했습니다.
한번씩 다들 읽어보셨으면 좋겠습니다.",10.0
2025-03-14,이야기 풀어나가는 방식이 독특해서 정말 좋아요. 읽을 때마다 눈물이 나네요ㅠ,10.0
2025-03-14,이틀에 걸려서 생각보다 아주빠르게 읽었는데요 정말 미친듯이 울었습니다. 다시는 이런 일이 발생하지 않았으면 좋겠습니다.,10.0
2025-03-13,관심이 있어서 구매하였습니다. 기대됩니다.,10.0
2025-03-13,아이와 함께 읽으려구요,10.0
2025-03-13,노벨상 수상작가 작품을 접하게 되어 기쁩니다,10.0
2025-03-13,슬프지만 나아가야 할 방향을 알려주는 소설,10.0
2025-03-13,예전부터 읽고 싶었던 책이라서 좋았습니다,10.0
2025-03-13,"잊지말아야할 역사
마음이 아파요",10.0
2025-03-12,국어시간 수행평가 도서입니다,10.0
2025-03-12,덕분에 잘 선물했습니다.,10.0
2025-03-12,역사의 아픔을 위로하는,10.0
2025-03-11,광주의 시민으로 작가님께 감사하다는 말을 하고 싶습니다. 우리가 기억해야 할 역사.,10.0
2025-03-11,기억해야 할 사건을 다시 생각하게 되는 책이었습니다,10.0
2025-03-11,아이가 꼭 읽어보고싶어하던 책입니다.,10.0
2025-03-10,소장하고 싶어서 구매했어요.,10.0
2025-03-10,학교 부교재 채택된 도서중 하나예요,10.0
2025-03-10,학교 부교재로 채택된 도서중 하나라서 할인 받아 구매해서 좋네요,10.0
2025-03-10,"인상깊게 읽었습니다!
감사합니다.",10.0
2025-03-10,"힘든 역사를 집필해 주셔서 고맙습니다.
딸 아이랑 같이 읽으며 얘기 합니다.",10.0
2025-03-10,정말 눈물 펑펑이에요... 앞으로도 영원히 기억되어야 할 내용입니다,10.0
2025-03-10,"좋은 책입니다.
추천드립니다.",10.0
2025-03-10,광주 민주화운동의 실상을 느낄 수 있었다.,10.0
2025-03-10,선물용으로 구매했는데 좋아요!,10.0
2025-03-09,처절한 518의 현장을 생생하게 담아 있어 한자한자 힘겹게 읽었어요. 아이에게도 읽히려구요. 한강작가 응원합니다.,10.0
2025-03-09,소년이 온다 이렇게 구입할 수 있어서 참 좋습니다,10.0
2025-03-09,한강작가님 책은 항상 믿고 보죠,10.0
2025-03-09,한강 작가님 책이라 사봤어요,10.0
2025-03-06,노벨상 수상 작가의 책을 원문으로 읽을 수 있어서 영광입니다.,10.0
2025-03-05,어찌 글과 말로 표현할수있은까 가슴 끝이 아린 시간이었다,10.0
2025-03-05,처음 읽었을 땐 너무 리얼해서 충격적이었고 자꾸만 생각나는 책이다. 이 시대에 모두가 꼭 읽어야 하는 책!,10.0
2025-03-05,공감되는 내용이 많아 읽기 편해요,10.0
2025-03-05,좀 슬퍼서 잘 못 읽겠어요 먹먹하게 그 시절 그때라면 나도 겁쟁이였을것 같아서 슬픕니다,10.0
2025-03-05,"읽는 내내 마음이 아팠어요..
멈출수가 없어서 몇 시간동안 꼼짝않고 읽으면서 그동안 어렴풋이 알고 있었던 5ㆍ18의 진상을 알게 되었구요..
많은 분들이 보고 그 때의 진실을 알았으면 합니다

요즘 한강 작가님의 서적들은 감사한 마음으로
읽고 있습니다^^",10.0
2025-03-04,드디어 읽어보게 되었어요!,10.0
2025-03-04,"재밌어요..
다시한번 생각하게하는 책입니다",10.0
2025-03-04,문체가 너무 생생하여 빠져듭니다.,10.0
2025-03-04,"노벨 문학상을 받은 소년이 온다
각각 다른 인물들의 시선에서 볼 수 있었습니다",10.0
2025-03-03,현재 우리나라 상황에 대해 강한 경각심을 느낄 수 있는 책입니다.,7.5
2025-03-03,가족들 모두 읽어보려고 구매했네요. 마음이 먹먹합니다,10.0
2025-03-03,슬프지만 아름다운 문장을 느낄 수 있는 작품. 노벨상 기념으로 종이책 구입합니다^^,10.0
2025-03-03,인생에서 한번은 꼭 읽어보면 좋을 것 같은 책입니다,10.0
2025-03-02,과거를 다시 회상하게하고 그리고 그과거가 현재를 지탱하고있음을 기억하게합니다. 잊지 말아야할 역사입니다,10.0
2025-03-02,"이유있는 선택, 잘 읽었습니다",10.0
2025-03-02,서사적인 표현이 가득한 글을 보니 감수성이 커집니다.,10.0
2025-03-02,재밌게 보겠습니다.,10.0
2025-03-02,기대하고 있어요ㅎㅎ,10.0
2025-03-01,시대 흐름에 맞춰 읽기 좋습니다. 한강 작가 늘 응원하겠습니다.,10.0
2025-02-24,이제야 구매했습니다. 기대됩니다.,10.0
2025-02-24,한강 작가님 책 궁금했는데 재미있습니다!!,10.0
2025-02-24,꼭 한번 쯤은 읽어봐야 하는 책입니다.,10.0
2025-02-24,가슴이 먹먹하네요..,10.0
2025-02-24,말이 필요없는 책입니다,10.0
2025-02-24,역시 한강님의 소설입니다 최고예요,10.0
2025-02-23,"친구가 책 읽고 싶다 해서 선물했는데, 글이 잘 읽혀서 금방 읽을 수 있겠다고 했네요!",10.0
2025-02-23,외면하고 싶을만큼 아픈 역사를 작가님 덕에 마주해봅니다.,10.0
2025-02-23,아직 읽진 않았지만 기대됑ᆢㄷ,10.0
2025-02-22,소년이 온다 사고 싶었는데 이제야 사게 되네요,10.0
2025-02-22,우리가 지금 누릴 수 있는 사소한 행복이 그냥 주어진 것이 아니고 어떤 이들의 희생과 고통으로 시작됐다는 걸 다시 한 번 일깨워준 고마우면서도 아픈 책입니다.,10.0
2025-02-22,읽는 내내 숨이 턱턱 막혔어요. 절대 잊지 말아야 할 과거. 많은 사람들이 꼭 읽어주기를.,10.0
2025-02-22,최고입니다 추천합니다,10.0
2025-02-21,아주 아주 좋아요 강추합니다,10.0
2025-02-21,베스트셀러라 사고 봅니다,10.0
2025-02-21,진짜 좋아요. 쭉 소장할께요.,10.0
2025-02-21,채식주의자의 문체가 섬세하여 구매하였습니다,10.0
2025-02-21,이 시국에 한강 작가님의 책이 있어 얼마나 다행인지 모르겠습니다.,10.0
2025-02-21,"아이가 읽기도 어렵고 저도 어렵네요
그래도 천천히 읽어내려해요",7.5
2025-02-20,"최고에요!!!
한강~~~!!",10.0
2025-02-18,너무재미있습니다 특히 마지막 엄마시점에서 나오는 이야기가 감동적이었습니다 눈물이나오더라고요ㅠㅠㅠㅠㅠ,10.0
2025-02-18,아주 아주 좋아요 강추합니다,10.0
2025-02-18,"소설이 아닌 시를 읽는 느낌의 문장들.
그들의 고통과 상처에 눈물이 멈추질 않았습니다.",10.0
2025-02-18,역시역시 한강한강 작가님,10.0
2025-02-18,다소 적나라한 표현이 있지만 꼭 읽어야 할 책,10.0
2025-02-18,너무 멋진 작가님의 도서를 구입할수 있어 영광입니다.,10.0
2025-02-18,좋은 내용으로 도움되었어요,10.0
2025-02-18,"요새 안살수없는 책이죠
아이도 읽고 저도 읽어야겠어요",10.0
2025-02-16,긴 여운이 남는 책 입니다. 너무 좋아요.,10.0
2025-02-16,가슴아픈 역사지만 기억하고,10.0
2025-02-16,선물용으로 또 샀어요~!,10.0
2025-02-16,문장 하나하나가 소설이 아닌 시 같네요,10.0
2025-02-15,좋아요 25년 함께 할 책이에요,10.0
2025-02-15,고등 아이가 읽는다고 샀어요.,10.0
2025-02-15,잊어서는 안 될 역사를 다시 한 번 끄집어 내주셔서 감사합니다.,10.0
2025-02-14,보면 눈물나는 책이에요 사실적으로 표현된 부분이 슬퍼요,10.0
2025-02-14,동생 선물로 사줬는데 좋습니다.,10.0
2025-02-14,재미있게 잘 읽었습니다,10.0
2025-02-14,좋은 책 감사히 잘 읽고 있어요,10.0
2025-02-14,"무슨 말이 필요하리오~ ㅎㅎ
역사의식 부재의 세대들에게 강권하고픈...",10.0
2025-02-14,수상축하드립니다 . 추천,10.0
2025-02-14,좋아요.......,10.0
2025-02-14,"이 시대에 모든 사람들이 읽어봐야할 작품. 끝까지 읽는 데 용기가 필요하지만 엄청난 사실적 묘사와 몰입감이 단숨에 책을 끝까지 읽게 만들었다. 충격적이고, 슬프고, 아리다.
소설을 이끄는 시점이 색다르다.",10.0
2025-02-13,1980년 광주의 봄은 처참했다. 그 영령들의 명복을 빕니다.,10.0
2025-02-13,책 선물로 구매했어요.,10.0
2025-02-13,"수 많은 감정이 교차하며 시간이 어떻게 지나갔다 모를 책
가슴 아픈 시절을 기억하며",10.0
2025-02-13,책이 정말 유익해요,10.0
2025-02-13,한강작가님 책 최고예요,10.0
2025-02-06,아버지 선물로 구매한 책인데 마음에 들어하세요☺️,10.0
2025-02-06,처음 읽기시작하는데.. 이미 재밌어요👍,10.0
2025-02-06,마음에 들어요 재밌어요 감사합니다.,10.0
2025-02-06,선물용으로 구매했습니다. 저도 조만간 한권 더 사서 읽으려고요^^,10.0
2025-02-06,단언 지금까지 읽은 책 중 가장 훌륭한 책이라고 생각합니다. 이 책을 계기로 5.18의 숭고한 희생을 다시 상기하게 되고 절대 잊지 않으리라 다짐했습니다. 참혹한 현실에 책을 읽으며 눈물도 글썽여졌습니다.,10.0
2025-02-06,선물주려고 구매했는데 만족합니다,10.0
2025-02-05,잘읽었습니다. 한번쯤은 읽어봐야하는 책이라고 생각.,10.0
2025-02-05,잼있게잘봤습니다 추천드림니다,10.0
2025-02-05,읽는 내내 작가가 체험했을 내적 고통에 저 또한 안쓰러운 마음 뿐이었습니다. 그녀는 진정 위대한 작가입니다.,10.0
2025-02-05,"초5 딸이 구입해달라고 해서 사줬는데
휴식할때 읽기 괜찮다고 하네요",10.0
2025-01-31,늦게 읽어보게 되었습니다,10.0
2025-01-30,대한민국 국민 필독서,10.0
2025-01-30,역시 재미있어요~ 추천해요,10.0
2025-01-30,추천할만한 책입니다,10.0
2025-01-30,시대상을 반영한 명작이라하여 읽어보려 구매했어요,7.5
2025-01-30,재미있게 잘 읽었습니다 감사합니다,10.0
2025-01-30,모든 분들이 꼭 한번은 읽으셨으면 하는 책입니다,10.0
2025-01-29,읽기 너무 힘들다는 글이 많았는데 처음엔 생각보다 쉽게 읽혔어요. 나중엔 읽기 힘든 내용도 있었지만 글의 내용이 각자 다른 사람이 주인공이 되어 이야기가 전개되는게 색달랐어요.,10.0
2025-01-29,재미있어요. 잘 봤습니다.,10.0
2025-01-29,너무 가슴이 먹먹해지는 내용입니다...,10.0
2025-01-24,"와이프 보라고 사줬네요 ㅎ
좋아해서 굿!",10.0
2025-01-24,"책 한권을 하루만에 읽어보긴 처음에요, 멈 출 수 없고 다양한 시점에 놀라고 내용에 놀라고 진짜 최고입니다. 한강 작가님.",10.0
2025-01-24,마지막 장이 심금을 울렸습니다,10.0
2025-01-24,광주 5.18 배경으로 6명의 인물들의 시점으로 이뤄진 소설입니다. 문장마다 묘사하는 것이 생생해서 마음이 아팠습니다. 특히 1장을 눈물을 흘리면서 읽었어요..추천합니다!!,10.0
2025-01-24,"한글자 한글자 눌러 읽게 됩니다
너무 슬프고 화가 납니다
역사 소설이 많았으면 좋겠어요",10.0
2025-01-24,선물로 구매했습니다. 감사합니다.,10.0
2025-01-24,어머니께 선물로 드립니다,10.0
2025-01-24,배송이그지같은거말고는좋아요,2.5
2025-01-24,노벨문학상 책을 읽을 수 있다니 참 좋습니다,7.5
2025-01-24,친구에게 선물로 주었습니다. 예전에 교보에서 읽었을 때 내용전개 흐름과 주체가 계속 바뀌는 것이 신기했습니다,10.0
2025-01-23,한강 작가님 책 한권씩 읽어보려 시작합니다,10.0
2025-01-23,내용이 어렵진 않았지만 마음이 먹먹해져서 읽는데 시간이 걸렸다. 우리의 아픈 역사지만 잊지 말아야한다,10.0
2025-01-23,좀 난해하긴 한데 새롭네요.,10.0
2025-01-23,너무 슬프네요. 책 잘 읽었습니다.,10.0
2025-01-23,좋아요... 역시 ㅜㅜ,10.0
2025-01-23,상받은 작품들은 별로라는 생각을 깨준 한강 작가님이세요. 이 책 외에도 하나씩 사서 읽고 있답니다.,10.0
2025-01-23,노벨문학상 받을만 하네요,7.5
2025-01-23,한번보고 더보고싶어 구매합니다,10.0
2025-01-23,빌려서 읽고 다시읽고싶어 구매했습니다,10.0
2025-01-23,감사합니다^^아이들 책도사고 저도 사고 늘 이용하고있어요,10.0
2025-01-23,아이가 먼저 읽는 중입니다. 중딩인데 사회선생님께서 꼭 읽어보라고 하셨습니다.,10.0
2025-01-22,한강소설은 천천히 읽어야 해요,10.0
2025-01-22,그 시절에 살았던 사람이 아니라서 그냥 민주화운동 영화 보는 느낌일 줄 알았는데 영화 그 이상의 장면이 제 머릿속에 그려지고 너무 몰입되어서 몇 번을 울컥하던지.. 추천합니다!,10.0
2025-01-22,유명한 작품 읽어보려고 주문했습니다.,10.0
2025-01-22,"한강 작가의 작품 중 두번째로 읽어본 책 입니다.
책을 읽는 내내 마음이 아파 여러번 나눠 읽게 됐습니다.
노벨문학상 수상에 충분히 납득할 만한 작가의 글이었습니다.
우리나라 독서를 사랑하시는 모든 분들이 다 읽어보셨음 합니다!",10.0
2025-01-21,대한민국 사람이라면 필독서가 아닐까 싶습니다.,10.0
2025-01-21,너무 슬프고 힘들지만 알아야하기에,10.0
2025-01-21,"얇아서 금방 읽을 수 있을지 알았는데 오랜시간이 필요했어요ㅠ
소설이지만 실제사건이라 그런지 읽고 잠들때마다 악몽에 시달렸어요..
역사적 사건으로 내용을 알고 있을때와 이 소설을 읽고 나서의 감정이 완전히 달라졌어요
절대 잊지않겠습니다!",10.0
2025-01-21,읽는 내내 마음이 아팠습니다. 한강 작가님 존경합니다.,10.0
2025-01-21,아이가 읽었는데 한각장가님의 책은 너무 슬프죠.. 하지만 알아야하는 것들이니..,10.0
2025-01-21,동년배의 시선으로 본 역사,10.0
2025-01-21,노벨상 축하드려요~~ 보는 내내 가슴이 먹먹했습니다 다시는 이런 비극이 없었으면 좋겠습니다,7.5
2025-01-20,"읽는 내내 괴로운 마음이 들어도, 끝까지 다 읽으면, 마침내 그 소년이 내게로도 옵니다.",10.0
2025-01-20,읽으면서 인물에 많이 공감하면서 읽을수있었습니다,10.0
2025-01-20,"한 번 읽고 독서모임 책으로 다시 읽게 된 <소년이 온다>.. 단숨에 읽을수 없을만큼 괴롭고 아리고 눈물납니다..
슬프지만 꼭 읽어야할 책.. 기억해야할 책..
감사합니다 한강 작가님..^^",10.0
2025-01-20,감정 잘 움켜쥐고 담담하게 보려고 노력했어요.,10.0
2025-01-20,"재미로 읽는 책은 아닙니다.
그래서 가슴으로 읽었습니다.
마지막엔 눈물로 담았습니다.",10.0
2025-01-20,스토리가 매우 기대되는 작품입니다.,10.0
2025-01-20,그 유명한 한강작가님 작품 아주 감동적이에요,10.0
2025-01-20,"아이랑 같이 읽으려구요
뒤늦게 주문했지만 받자마자 한문장한문장에 빠져드네요",10.0
2025-01-20,과거를 되돌아 보게 합니다.,7.5
2025-01-20,조아여~~~☺️🧡❤️,10.0
2025-01-19,선물용으로 구매했어요,10.0
2025-01-19,먹먹하고 슬프고 인간의 잔인함에 대해 다시금 생각하게 되며 역사를 잊지않아야함을 다시 상기시키는 소설이었습니다. 그리고 에프 감성이신분들은 힘들 수 있어요... 덮었다 펼쳤다하게만들더라구요,10.0
2025-01-19,추천합니다. 선물했어요.,10.0
2025-01-19,오랜만에 독서를 하네요,10.0
2025-01-19,"인간은 무엇인가.
인간이 무엇이지 않기 위해 우리는 무엇을 해야 하는가.
이런 시국에 더욱 마음 울리는 소설.",10.0
2025-01-19,양심.. 그거입니다. 세상에서 제일 무서운 양심.. 지금 시국에 맞는거 같아 공감도 되고 너무너무 훌륭한 책였습니다. 소설을 시적으로 표현한 문구체도 최고이구요,10.0
2025-01-19,슬프지만 몰입되는 이야기,10.0
2025-01-19,한강 작품 중 이 책이 제일 잘 읽히네요,10.0
2025-01-17,감사합니다 잘 읽겠습니다,10.0
2025-01-17,과거를 잊지 말아야 하는 이유. 모두가 읽고 잊지않았으면 좋겠어요.,10.0
2025-01-17,꼭 사서 읽어보세요!!,10.0
2025-01-17,읽고 싶던 책이라 잘 읽었어요,10.0
